{
  "name": "angular-websocket",
  "version": "2.0.0",
  "homepage": "https://github.com/gdi2290/angular-websocket",
  "description": "An AngularJS 1.x WebSocket service for connecting client applications to servers.",
  "keywords": [
    "angular",
    "angularjs",
    "javascript",
    "realtime",
    "websockets",
    "websocket",
    "angular-websocket",
    "angular-websockets",
    "angular-socket",
    "ngWebSocket",
    "ngWebSockets",
    "gdi2290",
    "PatrickJS"
  ],
  "authors": [
    "gdi2290 <github@gdi2290.com>"
  ],
  "main": "./dist/angular-websocket.js",
  "ignore": [
    ".bowerrc",
    ".gitignore",
    ".npmignore",
    ".jshintignore",
    ".jshintrc",
    "karma.conf.js",
    "test.sh",
    "dist.sh",
    "src",
    "example",
    "package.json",
    "**/.*",
    "*.yml",
    "*.xml",
    "node_modules",
    "bower_components",
    "test",
    "tests"
  ],
  "dependencies": {
    "angular": "*"
  },
  "devDependencies": {
    "angular": "~1.3.15",
    "angular-mocks": "~1.3.15"
  },
  "resolutions": {
    "angular": "~1.3.15"
  },
  "_release": "2.0.0",
  "_resolution": {
    "type": "version",
    "tag": "v2.0.0",
    "commit": "f3b33c1a88a8e334d2cc23dad7afbd79cece044e"
  },
  "_source": "https://github.com/gdi2290/angular-websocket.git",
  "_target": "^2.0.0",
  "_originalSource": "angular-websocket",
  "_direct": true
}