{
  "project_info": {
    "project_number": "671459406134",
    "firebase_url": "https://chessed-a954c.firebaseio.com",
    "project_id": "chessed-a954c",
    "storage_bucket": "chessed-a954c.appspot.com"
  },
  "client": [
    {
      "client_info": {
        "mobilesdk_app_id": "1:671459406134:android:4e8f880eb2fc67fc",
        "android_client_info": {
          "package_name": "com.ionicframework.ayapp518837"
        }
      },
      "oauth_client": [
        {
          "client_id": "671459406134-cttrp2legn1ilmp0ual1gkuihdn0734l.apps.googleusercontent.com",
          "client_type": 3
        }
      ],
      "api_key": [
        {
          "current_key": "AIzaSyBXQggGw_G7iEbH3Mz_pkpRpgw1yBqd5ME"
        }
      ],
      "services": {
        "analytics_service": {
          "status": 1
        },
        "appinvite_service": {
          "status": 1,
          "other_platform_oauth_client": []
        },
        "ads_service": {
          "status": 2
        }
      }
    }
  ],
  "configuration_version": "1"
}